{"cameraMode":{"drawMode":0,"name":"Shaded","section":"Shading Mode"},"sceneLighting":true,"audioPlay":false,"sceneViewState":{"showFog":true,"showMaterialUpdate":false,"showSkybox":true,"showFlares":true,"showImageEffects":true,"showParticleSystems":true},"in2DMode":false,"pivot":{"x":275.48980712890627,"y":186.0443572998047,"z":-42.36768341064453},"rotation":{"x":-0.03330330550670624,"y":0.0035952457692474128,"z":-0.00011909098975593224,"w":-0.9994426965713501},"size":364.4210510253906,"orthographic":false}