{"cameraMode":{"drawMode":0,"name":"Shaded","section":"Shading Mode"},"sceneLighting":true,"audioPlay":false,"sceneViewState":{"showFog":true,"showMaterialUpdate":false,"showSkybox":true,"showFlares":true,"showImageEffects":true,"showParticleSystems":true},"in2DMode":false,"pivot":{"x":231.107421875,"y":57.26171875,"z":144.65625},"rotation":{"x":-0.09017831832170487,"y":-0.014343350194394589,"z":0.0012998527381569148,"w":-0.9958274960517883},"size":183.05441284179688,"orthographic":true}