{"cameraMode":{"drawMode":0,"name":"Shaded","section":"Shading Mode"},"sceneLighting":true,"audioPlay":false,"sceneViewState":{"showFog":true,"showMaterialUpdate":false,"showSkybox":true,"showFlares":true,"showImageEffects":true,"showParticleSystems":true},"in2DMode":false,"pivot":{"x":275.48980712890627,"y":186.0443572998047,"z":-42.36768341064453},"rotation":{"x":-0.045265812426805499,"y":-0.03535917401313782,"z":0.0016039173351600767,"w":-0.9983516335487366},"size":364.4210510253906,"orthographic":true}