{"cameraMode":{"drawMode":0,"name":"Shaded","section":"Shading Mode"},"sceneLighting":false,"audioPlay":false,"sceneViewState":{"showFog":true,"showMaterialUpdate":false,"showSkybox":false,"showFlares":true,"showImageEffects":true,"showParticleSystems":true},"in2DMode":false,"pivot":{"x":-343.70001220703127,"y":454.70001220703127,"z":0.0},"rotation":{"x":-0.045265812426805499,"y":-0.03535917401313782,"z":0.0016039173351600767,"w":-0.9983516335487366},"size":253.64105224609376,"orthographic":true}