{"cameraMode":{"drawMode":0,"name":"Shaded","section":"Shading Mode"},"sceneLighting":false,"audioPlay":false,"sceneViewState":{"showFog":true,"showMaterialUpdate":false,"showSkybox":false,"showFlares":true,"showImageEffects":true,"showParticleSystems":true},"in2DMode":false,"pivot":{"x":5.960464477539063e-8,"y":0.0,"z":-5.960464477539063e-8},"rotation":{"x":0.09320239722728729,"y":0.6083699464797974,"z":-0.07224433124065399,"w":0.7848479151725769},"size":2.2863171100616457,"orthographic":true}