{"cameraMode":{"drawMode":0,"name":"Shaded","section":"Shading Mode"},"sceneLighting":true,"audioPlay":false,"sceneViewState":{"showFog":true,"showMaterialUpdate":false,"showSkybox":true,"showFlares":true,"showImageEffects":true,"showParticleSystems":true},"in2DMode":false,"pivot":{"x":4.515902996063232,"y":12.383312225341797,"z":-18.8061466217041},"rotation":{"x":0.0016506724059581757,"y":0.9962965846061707,"z":-0.08389654010534287,"w":0.019429706037044526},"size":19.15766716003418,"orthographic":false}