{"cameraMode":{"drawMode":0,"name":"Shaded","section":"Shading Mode"},"sceneLighting":false,"audioPlay":false,"sceneViewState":{"showFog":true,"showMaterialUpdate":false,"showSkybox":false,"showFlares":true,"showImageEffects":true,"showParticleSystems":true},"in2DMode":false,"pivot":{"x":-18.885236740112306,"y":6.903077125549316,"z":13.391310691833496},"rotation":{"x":-0.38588234782218935,"y":0.3244072496891022,"z":-0.1471005380153656,"w":-0.8510136604309082},"size":2.3392789363861086,"orthographic":false}