{"cameraMode":{"drawMode":0,"name":"Shaded","section":"Shading Mode"},"sceneLighting":true,"audioPlay":false,"sceneViewState":{"showFog":true,"showMaterialUpdate":false,"showSkybox":true,"showFlares":true,"showImageEffects":true,"showParticleSystems":true},"in2DMode":false,"pivot":{"x":11.113097190856934,"y":-71.9319076538086,"z":55.082054138183597},"rotation":{"x":0.28710252046585085,"y":-0.45934149622917178,"z":0.15980182588100434,"w":0.8252546787261963},"size":26.36623191833496,"orthographic":true}