{"cameraMode":{"drawMode":0,"name":"Shaded","section":"Shading Mode"},"sceneLighting":true,"audioPlay":false,"sceneViewState":{"showFog":true,"showMaterialUpdate":false,"showSkybox":true,"showFlares":true,"showImageEffects":true,"showParticleSystems":true},"in2DMode":false,"pivot":{"x":3.3346877098083498,"y":1.9557194709777833,"z":0.1376967430114746},"rotation":{"x":0.3926246762275696,"y":0.33086350560188296,"z":-0.15386641025543214,"w":0.8442341685295105},"size":9.3073148727417,"orthographic":false}