{"cameraMode":{"drawMode":0,"name":"Shaded","section":"Shading Mode"},"sceneLighting":true,"audioPlay":false,"sceneViewState":{"showFog":true,"showMaterialUpdate":false,"showSkybox":true,"showFlares":true,"showImageEffects":true,"showParticleSystems":true},"in2DMode":false,"pivot":{"x":5.770829677581787,"y":-18.48979949951172,"z":19.786903381347658},"rotation":{"x":-0.4304858446121216,"y":-0.02463890239596367,"z":0.011760260909795761,"w":-0.9022005796432495},"size":36.62189865112305,"orthographic":false}