{"cameraMode":{"drawMode":0,"name":"Shaded","section":"Shading Mode"},"sceneLighting":true,"audioPlay":false,"sceneViewState":{"showFog":true,"showMaterialUpdate":false,"showSkybox":true,"showFlares":true,"showImageEffects":true,"showParticleSystems":true},"in2DMode":false,"pivot":{"x":-23.535276412963868,"y":-15.858766555786133,"z":-4.088443756103516},"rotation":{"x":-0.14129522442817689,"y":0.7659536004066467,"z":-0.18015119433403016,"w":-0.600746750831604},"size":41.79166793823242,"orthographic":false}