{"cameraMode":{"drawMode":0,"name":"Shaded","section":"Shading Mode"},"sceneLighting":false,"audioPlay":false,"sceneViewState":{"showFog":true,"showMaterialUpdate":false,"showSkybox":false,"showFlares":true,"showImageEffects":true,"showParticleSystems":true},"in2DMode":false,"pivot":{"x":-18.61858367919922,"y":7.429540157318115,"z":13.320571899414063},"rotation":{"x":-0.48500606417655947,"y":0.009439527057111264,"z":-0.005236400756984949,"w":-0.8744476437568665},"size":2.3392789363861086,"orthographic":false}