{"cameraMode":{"drawMode":0,"name":"Shaded","section":"Shading Mode"},"sceneLighting":false,"audioPlay":false,"sceneViewState":{"showFog":true,"showMaterialUpdate":false,"showSkybox":false,"showFlares":true,"showImageEffects":true,"showParticleSystems":true},"in2DMode":false,"pivot":{"x":4.628413200378418,"y":-1.8335932493209839,"z":-2.230254650115967},"rotation":{"x":-0.3545905649662018,"y":-0.5448179841041565,"z":0.27231693267822268,"w":-0.7094284296035767},"size":2.2863168716430666,"orthographic":false}