{"cameraMode":{"drawMode":0,"name":"Shaded","section":"Shading Mode"},"sceneLighting":false,"audioPlay":false,"sceneViewState":{"showFog":true,"showMaterialUpdate":false,"showSkybox":false,"showFlares":true,"showImageEffects":true,"showParticleSystems":true},"in2DMode":false,"pivot":{"x":7.241415977478027,"y":0.10000012814998627,"z":3.3132195472717287},"rotation":{"x":-0.14129522442817689,"y":0.7659536004066467,"z":-0.18015119433403016,"w":-0.600746750831604},"size":2.886317014694214,"orthographic":false}