{"cameraMode":{"drawMode":0,"name":"Shaded","section":"Shading Mode"},"sceneLighting":false,"audioPlay":false,"sceneViewState":{"showFog":true,"showMaterialUpdate":false,"showSkybox":false,"showFlares":true,"showImageEffects":true,"showParticleSystems":true},"in2DMode":false,"pivot":{"x":0.25608131289482119,"y":0.6058340072631836,"z":0.2892172336578369},"rotation":{"x":0.013087690807878971,"y":-0.9774967432022095,"z":0.20070351660251618,"w":0.06373027712106705},"size":2.886317014694214,"orthographic":false}